<?xml version="1.0" encoding="UTF-8" standalone="yes"?>
<addon id="futbolParaTodos" name="futbolParaTodos" version="1.0.0" provider-name="Leandro">
  <requires>
    <import addon="xbmc.python" version="2.1.0"/>
    <import addon="script.module.parsedom" version="2.5.2"/>  
  </requires>
  <extension point="xbmc.python.pluginsource" library="futbolparatodos.py">
    <provides>video</provides>
  </extension>
  <extension point="xbmc.addon.metadata">
    <summary lang="en">Your add-on's summary</summary>
    <description lang="en">Argentinian football</description>
    <disclaimer lang="en"></disclaimer>
    <language></language>
    <platform>all</platform>
    <license></license>
    <forum></forum>
    <website></website>
    <email></email>
    <source></source>
  </extension>
</addon>
